dataset,n_students,mean_score,std_dev
Pre-test,41,3.8780487804878048,1.9293149295957295
Post-test Control,21,11.023809523809524,6.247952045422944
Post-test Experimental,20,16.55,5.389805191284746
